{
  "variant_summaries": {
    "blend_species_face": {
      "cases": 11,
      "mean_uplift": -0.04365191457847577,
      "improved_rate": 0.36363636363636365
    },
    "c086_hard_negative_w14": {
      "cases": 11,
      "mean_uplift": 0.050174909082205704,
      "improved_rate": 0.7272727272727273
    },
    "c087_expanded_crop_positive_w14": {
      "cases": 11,
      "mean_uplift": 0.10895440559772807,
      "improved_rate": 0.9090909090909091
    },
    "c089_shape_w14": {
      "cases": 11,
      "mean_uplift": 0.024921435615903164,
      "improved_rate": 0.7272727272727273
    },
    "c091_feature_calibrator_w14": {
      "cases": 11,
      "mean_uplift": 0.024088173699299265,
      "improved_rate": 0.7272727272727273
    },
    "c092_qwen_target_w10": {
      "cases": 11,
      "mean_uplift": 0.07382548763785077,
      "improved_rate": 0.9090909090909091
    },
    "c092_qwen_target_w14": {
      "cases": 11,
      "mean_uplift": 0.08526816531384505,
      "improved_rate": 1.0
    },
    "c093_anti_collapse_w14": {
      "cases": 11,
      "mean_uplift": 0.08637357797831002,
      "improved_rate": 1.0
    },
    "c094_shape_supervised_w14": {
      "cases": 11,
      "mean_uplift": 0.08788329540499396,
      "improved_rate": 0.9090909090909091
    },
    "c095_feature_bridge_w08": {
      "cases": 11,
      "mean_uplift": 0.058369752000306405,
      "improved_rate": 0.8181818181818182
    },
    "c095_feature_bridge_w10": {
      "cases": 11,
      "mean_uplift": 0.08022350590108185,
      "improved_rate": 0.9090909090909091
    },
    "c095_feature_bridge_w12": {
      "cases": 11,
      "mean_uplift": 0.08289596753891405,
      "improved_rate": 0.8181818181818182
    },
    "c095_feature_bridge_w14": {
      "cases": 11,
      "mean_uplift": 0.08652233470140815,
      "improved_rate": 0.9090909090909091
    },
    "no_ip": {
      "cases": 11,
      "mean_uplift": 0.0,
      "improved_rate": 0.0
    },
    "siglip_pilot_w14": {
      "cases": 11,
      "mean_uplift": -0.06624003835926072,
      "improved_rate": 0.18181818181818182
    }
  },
  "best_c095_variant": "c095_feature_bridge_w14",
  "best_c094_variant": "c094_shape_supervised_w14",
  "best_c093_variant": "c093_anti_collapse_w14",
  "best_c092_variant": "c092_qwen_target_w14",
  "best_qwen_baseline_variant": "c087_expanded_crop_positive_w14",
  "heldout07": {
    "best_c095_variant": "c095_feature_bridge_w14",
    "best_c095_uplift": 0.01154170337811311,
    "c094_w14_uplift": 0.008562351254518985,
    "c093_w14_uplift": 0.004518958388039396,
    "c092_w14_uplift": 0.0009986629992987384
  },
  "train_crop": {
    "best_c095_mean_uplift": 0.09402039783373764
  },
  "diversity_proxy": {
    "best_c095": 0.0868865794605679,
    "c094_shape_supervised_w14": 0.08314881589677599,
    "by_variant": {
      "siglip_pilot_w14": 0.385618472761578,
      "c089_shape_w14": 0.16404802269405788,
      "c091_feature_calibrator_w14": 0.16145913733376396,
      "c092_qwen_target_w10": 0.08962256378597683,
      "c092_qwen_target_w14": 0.07203983200920952,
      "c093_anti_collapse_w14": 0.08459516101413303,
      "c094_shape_supervised_w14": 0.08314881589677599,
      "c095_feature_bridge_w08": 0.11520713170369466,
      "c095_feature_bridge_w10": 0.09769437313079835,
      "c095_feature_bridge_w12": 0.08319036563237509,
      "c095_feature_bridge_w14": 0.0868865794605679
    }
  },
  "c095_blank_like_rows": [],
  "decision": "c095_feature_bridge_not_promoted_requires_siglip_encoder_finetune_or_data_expansion"
}
