{
  "variant_summaries": {
    "blend_species_face": {
      "cases": 11,
      "mean_uplift": -0.04365191457847577,
      "improved_rate": 0.36363636363636365
    },
    "c086_hard_negative_w14": {
      "cases": 11,
      "mean_uplift": 0.050174909082205704,
      "improved_rate": 0.7272727272727273
    },
    "c087_expanded_crop_positive_w14": {
      "cases": 11,
      "mean_uplift": 0.10895440559772807,
      "improved_rate": 0.9090909090909091
    },
    "c089_shape_w14": {
      "cases": 11,
      "mean_uplift": 0.024921435615903164,
      "improved_rate": 0.7272727272727273
    },
    "c091_feature_calibrator_w14": {
      "cases": 11,
      "mean_uplift": 0.024088173699299265,
      "improved_rate": 0.7272727272727273
    },
    "c092_qwen_target_w10": {
      "cases": 11,
      "mean_uplift": 0.07382548763785077,
      "improved_rate": 0.9090909090909091
    },
    "c092_qwen_target_w14": {
      "cases": 11,
      "mean_uplift": 0.08526816531384505,
      "improved_rate": 1.0
    },
    "c093_anti_collapse_w14": {
      "cases": 11,
      "mean_uplift": 0.08637357797831002,
      "improved_rate": 1.0
    },
    "c094_shape_supervised_w08": {
      "cases": 11,
      "mean_uplift": 0.05759681476353917,
      "improved_rate": 0.7272727272727273
    },
    "c094_shape_supervised_w10": {
      "cases": 11,
      "mean_uplift": 0.07881917990849159,
      "improved_rate": 0.8181818181818182
    },
    "c094_shape_supervised_w12": {
      "cases": 11,
      "mean_uplift": 0.08232791621805552,
      "improved_rate": 0.8181818181818182
    },
    "c094_shape_supervised_w14": {
      "cases": 11,
      "mean_uplift": 0.08788329540499396,
      "improved_rate": 0.9090909090909091
    },
    "no_ip": {
      "cases": 11,
      "mean_uplift": 0.0,
      "improved_rate": 0.0
    },
    "siglip_pilot_w14": {
      "cases": 11,
      "mean_uplift": -0.06624003835926072,
      "improved_rate": 0.18181818181818182
    }
  },
  "best_c094_variant": "c094_shape_supervised_w14",
  "best_c093_variant": "c093_anti_collapse_w14",
  "best_c092_variant": "c092_qwen_target_w14",
  "best_qwen_baseline_variant": "c087_expanded_crop_positive_w14",
  "heldout07": {
    "best_c094_variant": "c094_shape_supervised_w14",
    "best_c094_uplift": 0.008562351254518985,
    "c093_w14_uplift": 0.004518958388039396,
    "c092_w14_uplift": 0.0009986629992987384
  },
  "train_crop": {
    "best_c094_mean_uplift": 0.09581538982004145
  },
  "diversity_proxy": {
    "best_c094": 0.08314881589677599,
    "c093_anti_collapse_w14": 0.08459516101413303,
    "by_variant": {
      "siglip_pilot_w14": 0.385618472761578,
      "c089_shape_w14": 0.16404802269405788,
      "c091_feature_calibrator_w14": 0.16145913733376396,
      "c092_qwen_target_w10": 0.08962256378597683,
      "c092_qwen_target_w14": 0.07203983200920952,
      "c093_anti_collapse_w14": 0.08459516101413303,
      "c094_shape_supervised_w08": 0.11667935715781318,
      "c094_shape_supervised_w10": 0.09866885211732652,
      "c094_shape_supervised_w12": 0.08164391915003459,
      "c094_shape_supervised_w14": 0.08314881589677599
    }
  },
  "c094_blank_like_rows": [],
  "decision": "c094_shape_supervision_exhausted_requires_encoder_training"
}
