{
  "model": "Qwen/Qwen3-VL-Embedding-2B",
  "embedding_shape": [
    6,
    2048
  ],
  "labels": [
    "train000",
    "train064",
    "train127",
    "heldout0112",
    "heldout0560",
    "heldout1008"
  ],
  "cosine": [
    [
      1.002028,
      0.581903,
      0.55169,
      0.672542,
      0.544043,
      0.474504
    ],
    [
      0.581903,
      0.996593,
      0.634583,
      0.603625,
      0.524872,
      0.489153
    ],
    [
      0.55169,
      0.634583,
      1.00332,
      0.613039,
      0.634208,
      0.452784
    ],
    [
      0.672542,
      0.603625,
      0.613039,
      1.002455,
      0.737467,
      0.424949
    ],
    [
      0.544043,
      0.524872,
      0.634208,
      0.737467,
      0.999589,
      0.507379
    ],
    [
      0.474504,
      0.489153,
      0.452784,
      0.424949,
      0.507379,
      0.995674
    ]
  ],
  "offdiag_mean": 0.563116,
  "offdiag_min": 0.424949,
  "offdiag_max": 0.737467
}